EmbeddingID,TestName,AuthorID,Embedding,Timestamp
1, ,13,"[0.6717800329298809,0.5964509876072037,0.5841552039061256,0.450220869068059,0.812498988763593,0.4589963280293758,0.2649281024932861,0.6411000415249714,0.6848273394167114,0.2949245541838134,0.3734567901234568,0.7072185061315497,0.2650429799426934,0.4993860008186656,0.5959885386819485,0.35,0.4250316952207008,0.061515748031496,0.0808974220688167,0.3219515784825962,0.0532988430597799,0.7815579826037409,0.268902358386599,0.4577322963569381,0.2412204692696287,0.5015014357557268,0.4251137467974203,0.1138541528302244,0.2834467120181403,0.3814609956131982,0.3407671046155009,0.1295756397797213,0.0728862973760932,0.3390060343074104,0.0,0.0,0.1214771622934887,0.0,0.0,0.0,0.0,0.0,0.3123698458975424,0.0,0.0,0.0,0.1325205406838059,0.3772937746527179,0.4266514968356678,0.3300511579294789,0.0477942933613726,0.0,0.0,0.0,0.1005328239670251,0.0,0.0,0.0]",2024-03-28 11:07:39
2, ,13,"[0.7094013696613344,0.6137287667404955,0.5948610020319384,0.4326731903913435,0.7815016186799045,0.4951895868704018,0.3157821893692016,0.7754857576780806,0.7491268216307359,0.492459218220991,0.3905817174515235,0.7561436672967864,0.4010695187165775,0.5385790679908328,0.6975638740344623,0.3409090909090909,0.2898202700296859,0.0262164429530201,0.0689528362599981,0.1960107884337954,0.0605722869672667,0.6269955654101996,0.3300401725933641,0.6142958459979739,0.3076896884766661,0.5317976396896041,0.6026666666666667,0.5312179055848709,0.3733572281959376,0.3517234448799113,0.244379276637341,0.2986857825567501,0.1344086021505375,0.0625156289072267,0.0507202272266179,0.0,0.1120071684587812,0.0,0.0,0.0,0.2688172043010751,0.0,0.4480286738351251,0.0,0.1536098310291857,0.0867152271938952,0.3054740957966762,0.6641366223908913,0.19669551534225,0.2028809089064718,0.0881367882954345,0.1280081925243215,0.0,0.0,0.0,0.0,0.0,0.0]",2024-03-28 11:08:56
3, ,13,"[0.6554882597919792,0.5922297921157749,0.5808328249928358,0.481523474736145,0.8528823410560838,0.5278238576383653,0.369804173707962,0.4970571663261081,0.75098814229249,0.3838383838383838,0.3454545454545454,0.7752750130958618,0.3441011235955056,0.6701444622792938,0.6978776529338327,0.3209090909090909,0.2895213321544618,0.0564079422382671,0.0989070768013451,0.2952191369479402,0.016291102451485,0.6205451560634488,0.3064685314685315,0.5873647186147185,0.2834892600705855,0.5776814259095813,0.5999296459271388,0.1674231713669171,0.3979624323463862,0.4820180488980528,0.1488482863841029,0.1910219675262653,0.2148997134670485,0.1999067102019056,0.0,0.4477077363896845,0.0,0.0,0.1790830945558738,0.0,0.0,0.0,0.2387774594078317,0.0,0.0,0.0,0.195363375879135,0.4045171077026796,0.2096582570410229,0.1081256419959992,0.0,0.272888525037522,0.0,0.136444262518761,0.0988044659618614,0.0,0.0,0.0]",2024-03-28 11:10:08
4, ,person,"[0.6828293386197656,0.5794231259222405,0.6254932065490754,0.32968141307450016,0.8312665070023105,0.24548311076197957,0.6015947461128235,0.6003091039881384,0.6343310756681961,0.26242322724734785,0.44221105527638194,0.7261632341723876,0.2506112469437653,0.3248340901152637,0.604183645748438,1,0.2662109569713451,0.1376045794804051,0.11900936603710713,0.0,0.0786311882745172,0.4953932070992239,0.7852898286547576,0.42184608440532606,0.6732706497395586,0.5007379714412797,0.8101990049751244,0.08095986010136175,0.10364842454394686,0.2557306923327287,0.3553660270078179,0.16583747927031497,0.3109452736318406,0.11570056693277789,0.046935135642541974,0.1554726368159203,0.051824212271973424,0.07773631840796015,0.31094527363184066,0.2487562189054725,0.0,0.06218905472636811,0.8884150675195445,0.25733401955738533,0.14214641080312712,0.0,0.16960651289009485,0.35118525021949054,0.3640334910811792,0.0,0.0,0.11845534233593928,0.0,0.059227671167969634,0.0,0.0,0.2072968490878938,0.0]",2024-03-30 00:16:41
5, ,person,"[0.6878427759977602,0.5892956498438903,0.632511414598065,0.35861518517807056,0.8668459572295492,0.296794618124258,0.6143332719802856,0.5615777839380538,0.6220113293607004,0.22560631697687533,0.44923857868020306,0.7139136562796826,0.1890243902439024,0.34146341463414637,0.5560975609756098,0.749090909090909,0.24469494560839186,0.11018069634200088,0.14293711957881194,0.0,0.15740099477428696,0.6840286063396821,0.5586511848806932,0.4014720642355302,0.48191026828198463,0.4735193146994835,0.6693843984962407,0.032304958811177516,0.2784739626844888,0.32792261026397745,0.45568466621098175,0.11138958507379551,0.4385964912280698,0.17485574401119064,0.14186409419775844,0.0,0.05221386800334164,0.07832080200501247,0.15664160401002497,0.0,0.0,0.06265664160400998,0.5967299200381903,0.08642295393656549,0.07160759040458284,0.08084727948904513,0.11392116655274541,0.47176765443019275,0.48902744666544373,0.14186409419775847,0.0,0.0,0.0,0.0,0.0,0.0,0.20885547201336668,0.0]",2024-03-30 00:16:58
6, ,person,"[0.6840147562427777,0.5673496136530436,0.46814070981679384,0.31030355826786293,0.8094034506521431,0.3036437246963563,0.7025981545448303,0.48079398767164494,0.6592782040352372,0.28758169934640526,0.4117647058823529,0.7658378168775144,0.3435114503816794,0.35986913849509267,0.6547921967769296,0.6525,0.27053559900065793,0.16611295681063123,0.03591631498608243,0.0,0.14238253440911247,0.6142461197339247,0.5578088578088578,0.4882395382395381,0.44598393574297185,0.43605169821189244,0.6850961538461539,0.02527678074920378,0.3739316239316237,0.3594536304816676,0.3996003996003994,0.17094017094017083,0.09615384615384609,0.0,0.21770682148040624,0.12019230769230761,0.08012820512820508,0.0,0.0,0.0,0.3846153846153844,0.0,0.9615384615384609,0.0,0.10989010989010982,0.0,0.1748251748251747,0.27149321266968307,0.5628517823639771,0.14513788098693753,0.0,0.18315018315018305,0.0,0.0,0.0,0.0,0.0,0.0]",2024-03-30 00:17:12
7, ,person,"[0.6683526512640383,0.5780031797883239,0.4476120425594924,0.36369387887100996,0.8301658139539979,0.34347917987740434,0.6971875429153442,0.42109269672487476,0.6184357214105498,0.22492127755285649,0.4939271255060729,0.73221229106701,0.21739130434782608,0.31620553359683795,0.5744400527009224,0.6325,0.2497944771333229,0.09038322487346348,0.07816927556623869,0.0,0.07747133560582585,0.7073519571232988,0.46303088803088804,0.3986762272476557,0.3976516103022127,0.44059504025523444,0.6651669176706827,0.02617595476795016,0.39045069165551066,0.3002664865067745,0.26078339331351363,0.26773761713520733,0.30120481927710824,0.0,0.07577479730241715,0.1255020080321284,0.2510040160642569,0.1255020080321284,0.0,0.40160642570281097,0.40160642570281097,0.0,0.621533754063874,0.0,0.0,0.2591009198082651,0.2738225629791893,0.519725962674226,0.4897639337839158,0.15154959460483433,0.0,0.0,0.0,0.0,0.0,0.0,0.0,0.0]",2024-03-30 00:17:27
8, ,person,"[0.7112886744572802,0.6184083860870102,0.6509530289434607,0.3426675365356406,0.8810043155044731,0.3394830492601611,0.5249001383781433,0.6733025351172661,0.6188093003857783,0.2478017585931255,0.44964028776978415,0.6506950606329489,0.31905594405594406,0.3271728271728272,0.606060606060606,0.8142857142857143,0.21409235151109557,0.10041773778920308,0.06947821857847565,0.0,0.0918105031215571,0.5673709250875657,0.6660090762479841,0.40466114090687455,0.5228414388906184,0.5057814274300905,0.7642412302999493,0.10420043532626315,0.22241992882562261,0.3159610203878004,0.4390627166427876,0.0,0.4003558718861207,0.04138045187453444,0.100718458336131,0.11120996441281131,0.14827995255041507,0.0,0.22241992882562267,0.2669039145907472,0.08896797153024906,0.04448398576512452,0.4024741569225552,0.24542888697999737,0.2033553634977121,0.11479738261967619,0.0,0.33493824576093756,0.17359604201024204,0.134291277781508,0.0,0.1694628029147601,0.0,0.0,0.18407166523499804,0.0,0.14827995255041512,0.0]",2024-03-30 00:17:57
9, ,person,"[0.7356394324230939,0.6241518029063874,0.6796953247324381,0.3774633225687931,0.89398155965985,0.2801162861122888,0.4848583936691284,0.6271934972433815,0.6309009238071023,0.23391812865497075,0.4409356725146199,0.7091571203208162,0.24543378995433787,0.31800391389432486,0.5920852359208524,0.7634782608695652,0.23140225187448538,0.15457543281121186,0.04456228693656559,0.0,0.06624661406194794,0.6243189135979897,0.5797602495208749,0.4312380952380951,0.4937275759936014,0.43555057813444464,0.6032801277727075,0.037799752033626656,0.2876869965477558,0.2796210059903421,0.43339859220181404,0.07671653241273488,0.43153049482163375,0.16056948644525906,0.13027335692728564,0.07192174913693897,0.0958956655159186,0.1798043728423474,0.14384349827387796,0.05753739930955118,0.23014959723820472,0.08630609896432674,0.5753739930955116,0.15872386016427908,0.1315140555646884,0.0742418055607112,0.07846008996756977,0.3926081364651726,0.4771394089084731,0.23883448770002377,0.0,0.0547975231519535,0.15835981461344367,0.0,0.03968096504106977,0.0,0.09589566551591865,0.0338455290046229]",2024-03-30 00:20:08
10, ,james,"[0.7113959932356095,0.6146063937665168,0.4783879231594827,0.4163534598734803,0.855466645339313,0.4208754208754209,0.4402729570865631,0.5193843349126922,0.6922132154261852,0.5047080979284368,0.43728813559322033,0.726909272636409,0.4377104377104377,0.5002405002405003,0.6823793490460157,0.49666666666666665,0.09134101253620266,0.07118451025056947,0.03078249091916518,0.0798330956081153,0.040676863000325414,0.6033504557614398,0.4867549952834234,0.534862239210065,0.3650115885317562,0.5163106856247422,0.6811998186998187,0.2675764265168239,0.23381967826412253,0.31467321186947333,0.6559097468188374,0.0,0.2525252525252524,0.4698144233027951,0.0,0.21043771043771028,0.0,0.0,0.0,0.16835016835016825,0.0,0.0,0.4008337341670672,0.0,0.0,0.0,0.0,0.2772826302238065,0.49273220004927293,0.06352836541515783,0.0,0.0,0.0,0.0,0.0,0.0,0.0,0.0]",2024-03-30 00:26:53
11, ,james,"[0.7439147131233985,0.621204562105959,0.5153162335675772,0.5566981618951662,0.8335819192855766,0.6167763157894737,0.5093659162521362,0.6314709574654771,0.7101449275362319,0.4652777777777778,0.428125,0.74354127284184,0.4283489096573208,0.516243880729862,0.6701280719972309,0.41125,0.2293083455179932,0,0.0,0.14474642838187968,0.12906556530717606,0.6415819317877247,0.4103372691138649,0.5297090751194092,0.30979693851393414,0.5151984864730166,0.640625,0.288832497782179,0.13020833333333323,0.5257009345794389,0.6087662337662334,0.13888888888888878,0.1562499999999999,0.14534883720930222,0.058962264150943355,0.1953124999999999,0.06510416666666662,0.2929687499999998,0.0,0.0,0.0,0.07812499999999994,0.48363095238095205,0.10775862068965511,0.0,0.0,0.14204545454545445,0.36764705882352916,0.1524390243902438,0.0,0.0,0.14880952380952372,0.0,0.0,0.10775862068965511,0.0,0.0,0.0]",2024-03-30 00:27:09
12, ,james,"[0.7549897297408541,0.6502975643201135,0.6782520620042833,0.5289076128848086,0.8542050737913046,0.5782277960526316,0.38554584980010986,0.7543963484418756,0.6968976449275361,0.3689236111111111,0.4140625,0.7233177582429187,0.384990253411306,0.4316346421609579,0.637643491444661,0.4478260869565217,0.12256353898133358,0,0.0,0.07736584762022652,0.0,0.6761832787301973,0.42386248736097065,0.5245588778146917,0.32996502355901525,0.46908118756155903,0.6595614346590909,0.23236900197513652,0.13563368055555547,0.23729556074766336,0.43120941558441533,0.3038194444444442,0.09765624999999993,0.2725290697674417,0.0737028301886792,0.12207031249999992,0.20345052083333318,0.06103515624999996,0.2441406249999999,0.0,0.0,0.09765624999999993,0.60453869047619,0.0,0.05580357142857139,0.06300403225806447,0.3107244318181816,0.3446691176470586,0.2858231707317071,0.07370283018867921,0.0,0.18601190476190466,0.0,0.0,0.06734913793103443,0.0,0.0,0.0]",2024-03-30 00:27:29
13, ,james,"[0.7176745260712157,0.6333780163302989,0.5696501892184989,0.5208216819730997,0.8737315821840028,0.5677264226556238,0.46571803092956543,0.6169789659850897,0.7055101890679026,0.43993231810490696,0.4010152284263959,0.7540382553353396,0.4050632911392405,0.4629294755877035,0.6514767932489451,0.5306666666666667,0.09996724757283468,0,0.0,0.07970826774007134,0.0,0.6170406284078304,0.5017497745135936,0.5487676477626224,0.39136400431429796,0.5174939187125849,0.6995262267343485,0.26825383519155,0.17625493513818374,0.21348261302718327,0.5273913903355525,0.1692047377326564,0.06345177664974615,0.5312241766025259,0.0,0.0,0.05287648054145512,0.0,0.1586294416243654,0.2538071065989846,0.0,0.1269035532994923,0.6043026347594871,0.0,0.0,0.0,0.17305029995385313,0.38817557479844705,0.3095208617060788,0.04788813332056314,0.0,0.0,0.0,0.0,0.0,0.0,0.0,0.0]",2024-03-30 00:28:34
14, ,james,"[0.7656213345793861,0.6607189505822761,0.6607802486378805,0.4925855862378047,0.8622907293176288,0.3361505954667691,0.406864196062088,0.7734969434656382,0.6698577316846164,0.37920489296636084,0.4036697247706422,0.7520951221259223,0.3375912408759124,0.39885297184567264,0.6090835360908353,0.56,0.15299982640404314,0.01987281399046105,0.03437459717268938,0.05943271473782744,0.0,0.6609521575984995,0.48296703296703297,0.4697789115646258,0.37417049148976866,0.4915740098628449,0.6147395487723954,0.12084884226809106,0.1267234387672343,0.18759806262364404,0.21329035927576062,0.1622060016220599,0.2737226277372261,0.2121880835172295,0.13772207684891877,0.22810218978102173,0.038017031630170284,0.0,0.0,0.0,0.0912408759124087,0.045620437956204345,0.32586027111574534,0.06292474200855772,0.052137643378519255,0.11773016246762412,0.16589250165892488,0.5367110347788746,0.6231084208652301,0.2754441536978376,0.029915041282756967,0.1737921445950642,0.08370722560771446,0.0,0.25169896803423086,0.11405109489051095,0.15206812652068122,0.0]",2024-03-30 00:30:10
15, ,person,"[0.7400873246298771,0.6249017956866539,0.6640819057477115,0.3429335016850399,0.8628289369991784,0.3010959894014212,0.521510660648346,0.688432101199567,0.6117290192113246,0.24031007751937983,0.47674418604651164,0.6897239679078848,0.2421171171171171,0.3314028314028314,0.5725725725725725,0.8090909090909091,0.2627833914773478,0.1163151364764268,0.08941944425815394,0.0,0.11077632045373981,0.62351801211544,0.6115560588208292,0.3912847764926539,0.5127583339125349,0.4880605453313703,0.7281464530892447,0.05966231131794046,0.2701500127129416,0.26732821488911207,0.37148206484590907,0.4068141367912532,0.25743707093821494,0.07982544835293486,0.129528086006649,0.10726544622425621,0.047673531655224984,0.10726544622425621,0.07151029748283749,0.0,0.17162471395880996,0.028604118993134992,0.6401874250844498,0.039453957231910336,0.09807126511931996,0.22145124381781928,0.41605991262741804,0.40382285637367044,0.39069040575989256,0.12952808600664903,0.0,0.10896807235479998,0.15745386601725694,0.0,0.0,0.0,0.0,0.06730380939363227]",2024-03-30 00:35:21
16, ,Dad,"[0.8459365959908663,0.6514593027435155,0.6158625492382657,0.4914445847931146,0.77709689729265,0.4657661853749418,0.3605966866016388,0.8796622594137354,0.8196276393638386,0.6242197253433209,0.40262172284644193,0.7414376273995924,0.5869175627240143,0.65284178187404,0.7733970529669454,0.6010526315789474,0.1911345217946082,0.016693376068376068,0.11550011550011552,0.0,0.03815628815628816,0.3553002911969046,0.6562724724668045,0.7173026973026974,0.5122459658287178,0.6116948463448209,0.8122551431127013,0.47473236962662296,0.2981514609421584,0.635313393409459,0.3717213019538599,0.1987676406281056,0.13416815742397128,0.0,0.06750599115671511,0.11180679785330941,0.0372689326177698,0.0,0.0,0.0,0.08944543828264753,0.0,0.5750063889598769,0.3701190549626794,0.05111167901865573,0.05770673437590163,0.20328508700601708,0.23150584026097007,0.08726384222697318,0.20251797347014536,0.0,0.0,0.0,0.0,0.0,0.05590339892665474,0.0,0.0]",2024-03-30 00:36:45
17, ,Dad,"[0.7860735826119417,0.6191552070420985,0.46648669916172963,0.49218905698064436,0.7856229475712307,0.3827751196172249,0.40300223231315613,0.6673159386904068,0.7623511664242228,0.5039239983477902,0.4312267657992565,0.7577910391209625,0.5636363636363636,0.5662337662337663,0.7595959595959596,0.4633333333333334,0.14605373247268275,0.035231116121758735,0.0914104634510497,0.0,0.06039619906587212,0.4700489469224719,0.523669699476151,0.6642703533026112,0.4028083660808107,0.5025511632312968,0.7644312652068127,0.650210716435882,0.5575831305758309,0.6821747731768874,0.8057635794862068,0.1622060016220599,0.2737226277372261,0.0848752334068918,0.0,0.0,0.07603406326034057,0.0,0.0,0.0,0.0,0.0,0.3910323253388944,0.0,0.0,0.0,0.16589250165892488,0.34349506225847976,0.0,0.0,0.0,0.0,0.0,0.0,0.0,0.0,0.0,0.0]",2024-03-30 00:37:09
18, ,Dad,"[0.757028627948043,0.6340591610713163,0.6767912087186708,0.4828240110939145,0.8826384960372892,0.4589963280293758,0.3538665175437927,0.6977553871128768,0.7411361283643891,0.5059523809523809,0.4017857142857143,0.7669423292120419,0.43248945147679324,0.6268836648583485,0.7135489920300047,0.5611764705882353,0.1209614012168717,0.08451656524678837,0.12791696361676078,0.0,0.10866415531729932,0.5413967427520089,0.5152948813410466,0.6271930882057463,0.44358630850032055,0.5492373964592734,0.7429875995960049,0.4610612792354766,0.3849798625918026,0.5380308072454811,0.581508044194611,0.18952854773750283,0.05330490405117267,0.24792978628452403,0.12069034879510793,0.0,0.04442075337597722,0.0,0.0,0.10660980810234535,0.0,0.10660980810234534,0.32998273936440226,0.07352400558782438,0.0,0.06878052135635183,0.19383601473153697,0.47660855386930856,0.15601435332050537,0.16092046506014393,0.034954035443391936,0.0,0.0,0.050766575286831116,0.0,0.06663113006396588,0.0,0.12542330364612922]",2024-03-30 00:37:30
19, ,Dad,"[0.7518155137831642,0.6479582309511022,0.5128239157266277,0.5409429020800741,0.843747185745474,0.4161382371591629,0.40556371212005615,0.5807439526368855,0.706685931958492,0.38939241356159787,0.4199395770392749,0.7387671066973477,0.4141566265060241,0.49483648881239245,0.6733601070950468,0.47857142857142854,0.13736709733333,0,0.027355290513185252,0.0,0.0,0.6302767354596626,0.4576841069378383,0.5435792466240225,0.3567620303531111,0.494051529223968,0.6656263487268019,0.17952605122476661,0.629405840886203,0.39529039726684895,0.5885353317377483,0.20140986908358496,0.3021148036253774,0.14051851331412904,0.22801117254745465,0.09441087613293045,0.0,0.0,0.0,0.0,0.0,0.0,0.3956265285570419,0.0,0.0,0.0,0.2059873661082119,0.14217167229429525,0.22105961240881278,0.5700279313686368,0.04952701698776682,0.1438641922025607,0.5543390892208764,0.2877283844051214,0.0,0.0,0.0,0.0]",2024-03-30 00:37:52
20, ,Dad,"[0.7916357143308307,0.659013537202789,0.6751409314422997,0.4306257914676009,0.8616601657332307,0.2995293110825845,0.39120668172836304,0.7732249632731393,0.7644927536231885,0.4962962962962963,0.36666666666666664,0.7926737078554613,0.530179445350734,0.6152412025168958,0.7308319738988581,0.45629629629629626,0.13061207846345402,0.032274722437387035,0.08373982037808529,0.0,0.018442698535649733,0.5579119841314966,0.5043438043438043,0.640837971552257,0.38695009314152545,0.5419922811616448,0.723998672940041,0.4213346585568748,0.4297864639884181,0.4414137416664127,0.5710901476373786,0.36192544335866783,0.04071661237785013,0.22725551094614027,0.0,0.05089576547231267,0.03393051031487511,0.0,0.0,0.0,0.16286644951140056,0.0,0.5622770280750733,0.0,0.0,0.0,0.3701510216168194,0.24908986395861257,0.1986176213553665,0.18437711265441573,0.0,0.15511090429657198,0.0,0.15511090429657196,0.05616084465910364,0.10179153094462541,0.0,0.14370569074112685]",2024-03-30 00:38:11
21, ,Dad,"[0.7331832358521958,0.6114426507707845,0.6745292882494077,0.4451064580015257,0.9387767966291006,0.47825681224337435,0.5477292537689209,0.6252545387111013,0.7828795882432615,0.5482866043613707,0.32710280373831774,0.8434689407707722,0.4351687388987566,0.7358538442019793,0.7310045391750543,0.4956521739130435,0.1187657322178856,0,0.11893081200011893,0.0,0.029467232437529467,0.500255532623446,0.46519454808497684,0.6697923442581936,0.4246608301782474,0.6682607968710458,0.7152678571428571,0.2470210438403538,0.4712301587301584,0.2002670226969291,0.3710575139146566,0.47619047619047583,0.22321428571428553,0.041528239202657774,0.06738544474393526,0.22321428571428556,0.037202380952380924,0.0,0.0,0.26785714285714274,0.08928571428571423,0.0,0.4251700680272106,0.0,0.0,0.0,0.4870129870129867,0.21008403361344521,0.2177700348432054,0.23584905660377348,0.08782201405152223,0.08503401360544213,0.0,0.12755102040816318,0.0,0.0,0.0,0.05252100840181661]",2024-03-30 00:39:22
22, ,Dad,"[0.7805613809116055,0.6204399057478839,0.5795593462778152,0.4654610153661691,0.827362762328809,0.5581112163442025,0.4865301847457886,0.7280345609052297,0.7303052384422314,0.5276225946617008,0.4441340782122905,0.7601094557616297,0.47036082474226804,0.6701030927835052,0.6471935853379152,0.3563636363636363,0.12563152744119724,0,0.13760047701498698,0.0,0.030304866961634036,0.6815624214735185,0.39891990960693247,0.5459154246940505,0.28563070231423027,0.6058404482583688,0.6010233145407564,0.3072301495186728,0.8254378409417162,0.313941413702335,0.23490721165139755,0.34453057708871637,0.12919896640826864,0.12018508503094757,0.04875432694651647,0.0807493540051679,0.10766580534022387,0.0,0.0,0.12919896640826867,0.12919896640826867,0.0,0.3076165866863539,0.0,0.0,0.0,0.3523608174770963,0.27359781121751003,0.12604777210562795,0.14626298083954944,0.042360316855170076,0.12304663467454159,0.0,0.0,0.0,0.0,0.0,0.0]",2024-03-30 00:39:40
23, ,Dickins,"[0.6942329350271313,0.6050844669710574,0.6650393506519722,0.3610486635452577,0.8498266903772642,0.368052999631947,0.4871140122413635,0.655819549446776,0.6291348109249105,0.25261495954213536,0.4564831261101243,0.7109254688521824,0.2401372212692967,0.40431266846361186,0.5770916714312941,0.30205128205128207,0.32588249738157204,0.13436732186732187,0.0,0.20092309811935982,0.1425938925938926,0.847829322413047,0.20959072978303753,0.40634920634920624,0.18879492328287506,0.43822338107026626,0.48782908268202385,0.034078129792237004,0.2185314685314684,0.16338801385530347,0.31786395422759045,0.15540015540015528,0.13111888111888104,0.16262806960481369,0.09895764612745737,0.10926573426573419,0.07284382284382279,0.054632867132867094,0.32779720279720265,0.0,0.08741258741258737,0.04370629370629368,0.4578754578754576,0.12056908608632738,0.19980019980019967,0.056395217685540226,0.15893197711379517,0.4936240230357874,0.17056114617090215,0.16492941021242902,0.028659864725438494,0.24975024975024962,0.0,0.041625041625041596,0.12056908608632738,0.0,0.14568764568764564,0.05141916906471556]",2024-03-30 00:47:36
24, ,Dickins,"[0.687983865302018,0.5914991056036465,0.6447187323013537,0.4135870869853396,0.862906920417261,0.47330556607345703,0.5790079236030579,0.5732675817454217,0.5971293199554069,0.14423076923076925,0.4543269230769231,0.6847899878981081,0.1362559241706161,0.3114421123899797,0.5360716166403371,0.5425,0.2563611659742188,0.16578249336870024,0.0,0.22724080087921536,0.17367689781482887,0.8274125168459164,0.32438605994944025,0.3698904538341158,0.31194731979561435,0.3973232093025612,0.6287792842648958,0.047079501585009884,0.3663735678124165,0.15688383872341366,0.3737269924320282,0.10658140154543023,0.11990407673860902,0.22307735207183074,0.1357404642323876,0.07494004796163065,0.0,0.1498800959232613,0.0,0.11990407673860903,0.0,0.0,0.3425830763960258,0.08269246671628208,0.27406646111682065,0.2320724065908562,0.1090037061260082,0.45140358301593986,0.23395917412411515,0.13574046423238761,0.0,0.11419435879867527,0.0,0.05709717939933763,0.2480774001488463,0.0,0.39968025579536354,0.0]",2024-03-30 00:47:59
25, ,Dickins,"[0.6973754975921799,0.5801303163304291,0.5649308116895546,0.2464507846727556,0.8286747324599354,0.2415997621171573,0.9673865437507629,0.6203311086555852,0.6685768863419294,0.2546959567016874,0.39255014326647564,0.7282249964126848,0.23809523809523808,0.4241696678671469,0.6013071895424837,0.5492307692307692,0.25118693301651884,0.09088705768298594,0.0,0.11325490053954634,0.06924728204417976,0.7073409839754803,0.3867749807775883,0.5080602636534838,0.38175422245260926,0.4398094421683364,0.6581812255541069,0.0,0.5100439422473317,0.26400549131421913,0.3668647736444345,0.06277463904582543,0.42372881355932174,0.13138877939823929,0.10659844366272245,0.0,0.0,0.17655367231638405,0.1765536723163841,0.0,0.0,0.0,0.5716976055959103,0.0,0.08071025020177557,0.09112447603426274,0.06420133538777602,0.23263542705217666,0.3444949703734323,0.1598976654940837,0.0,0.0,0.12958067692945627,0.0,0.1948178453146307,0.0,0.0,0.0]",2024-03-30 00:48:23
26, ,Dickins,"[0.7150604521684291,0.6292051024319367,0.6693654699903183,0.39841229843337506,0.8413037679282579,0.3916040100250626,0.5227448344230652,0.6818746834248215,0.5970321612102315,0.17706949977866313,0.48406374501992033,0.6885922390434286,0.19155206286836932,0.31714847039012073,0.5675616677581314,0.6035294117647059,0.27669920528359404,0.1608455882352941,0.01987281399046105,0.08589884551951622,0.15756302521008403,0.7512431614296753,0.412152553329024,0.39063114134542687,0.3593139129815246,0.41233401774949463,0.5962826797385621,0.05204335211230955,0.4409171075837739,0.3152351283192402,0.23191094619666033,0.08818342151675478,0.2976190476190474,0.2307124400147654,0.1871817909553757,0.06200396825396821,0.0,0.12400793650793641,0.49603174603174577,0.0,0.0,0.0,0.3306878306878304,0.06841817186644768,0.28344671201814037,0.1920122887864822,0.09018759018759012,0.42016806722689043,0.38714672861014293,0.18718179095537577,0.03252667187093416,0.18896447467876026,0.0,0.0,0.06841817186644768,0.0,0.0,0.05835667600201845]",2024-03-30 00:48:41
27, ,Dad2,"[0.878529096620831,0.6799917030976902,0.6158625492382657,0.535130612099519,0.7661295153243918,0.44281376518218624,0.2754707932472229,0.8801401284510804,0.8166919447253118,0.642764857881137,0.4113372093023256,0.7160110420979987,0.5755894590846047,0.6380027739251041,0.7649869009092309,0.64,0.18434125970879972,0.02593899149201079,0.15703605660028155,0.0,0.037055702131443984,0.34862839397034817,0.6772997281757827,0.7157071783937458,0.536198588624255,0.6054353311788907,0.8489583333333333,0.5419257653553289,0.3279320987654319,0.6619937694704044,0.3968253968253966,0.30864197530864174,0.13888888888888878,0.0,0.052410901467505204,0.0868055555555555,0.028935185185185164,0.0,0.0,0.0,0.0694444444444444,0.0,0.5952380952380948,0.2873563218390803,0.03968253968253966,0.04480286738351252,0.3156565656565654,0.17973856209150313,0.13550135501355004,0.18343815513626827,0.0,0.0,0.0,0.0,0.0,0.043402777777777776,0.0,0.0]",2024-03-30 13:06:11
28, ,dadchatgpt,"[0.743834251672022,0.6172378001261557,0.6499630687938627,0.41318181538019005,0.844631424522086,0.5015341043190937,0.22324973344802856,0.713801813323891,0.9210876213269512,0.8460754332313964,0.3256880733944954,0.8343437842831574,0.7997762863534675,0.8277404921700224,0.926671638081034,0.4988888888888889,0.15785084966890786,0,0.06433091824344428,0.013903294246538776,0.06375653504484209,0.1827016885553471,0.6888888888888889,0.9676825396825396,0.5609727800089246,0.6756136881217788,0.900213371266003,0.3407558854467606,0.2815315315315314,0.5051780752715329,0.3217503217503216,0.25025025025025005,0.11261261261261253,0.10475591870940701,0.08499065102838681,0.3519144144144142,0.0,0.0,0.0,0.11261261261261254,0.0,0.0,0.4021879021879019,0.0,0.12870012870012862,0.0,0.25593775593775575,0.13248542660307355,0.0,0.12748597654258026,0.03692216806970905,0.0,0.10331432349780974,0.0,0.0,0.0,0.0,0.06624271329958852]",2024-03-30 13:07:38
30, ,shakespear,"[0.5685016403369383,0.4893021990557636,0.2608686270326299,0.3111448235909143,0.7655744017018974,0.37593984962406013,1.0,0,0.6235872889243451,0.14271151885830785,0.4036697247706422,0.8826413860738804,0.20454545454545453,0.49350649350649356,0.5494949494949495,0.7666666666666667,0.3427239701144698,0.10212418300653595,0.0,0.0,0.05835667600373483,0.7001522690812195,0.5295429208472687,0.4038923395445136,0.4767165279475391,0.6023361161921738,0.6875,0.12040939193257073,0.13227513227513218,0.0,0.4947433518862088,0.0,0.23809523809523794,0.0,0.0,0.5952380952380949,0.1984126984126983,0.0,0.0,0.0,0.0,0.0,0.3401360544217685,0.3284072249589489,0.5442176870748296,0.0,0.0,0.0,0.0,0.17969451931716077,0.0,0.0,0.43687199650502406,0.0,0.0,0.0,0.7936507936507935,0.0]",2024-03-30 14:19:58
31, ,shakespear,"[0.6011511058749462,0.4932331655629045,0.2483390056836465,0.29684021338311206,0.7681615741377265,0.5060728744939271,1.0,0,0.6655931293612453,0.1646090534979424,0.35185185185185186,0.885668276972625,0.20833333333333331,0.7407407407407407,0.5514403292181069,1,0.2795030435884997,0.30339805825242716,0.0,0.0,0.0,0.012479129731311534,1,0.5113848842289208,1,0.8549855507061351,1,0.1226391954868776,0.13354700854700846,0.0,0.37462537462537443,0.0,0.24038461538461522,0.0,0.0,0.30048076923076905,0.2003205128205127,0.0,0.0,0.0,0.0,0.0,0.3434065934065932,0.0,0.549450549450549,0.0,0.0,0.0,0.0,0.1814223512336719,0.0,0.0,0.0,0.0,0.0,0.0,1,0.0]",2024-03-30 14:20:13
32, ,shakespear,"[0.5756820706966945,0.5046812936583581,0.2690430024466785,0.3331200127284753,0.8335822399451507,0.23084025854108955,1.0,0,0.5973534971644613,0.0966183574879227,0.391304347826087,0.7246376811594204,0.1282051282051282,0.3663003663003663,0.5014245014245015,0.8066666666666668,0.23538434831391247,0.1987281399046105,0.0,0.0,0.11355893708834885,0.7600434672496758,0.5175248993430812,0.3720110192837467,0.48831063464141233,0.5152054674428902,0.8989035087719298,0.0,0.12183235867446385,0.32792261026397745,0.11392116655274544,0.7797270955165686,0.6578947368421048,0.0,0.0,0.822368421052631,0.0,0.0,0.0,0.0,0.0,0.0,0.3132832080200499,0.0,0.5012531328320798,0.0,0.7974481658692179,0.0,0.21394950791613163,0.16550810989738488,0.0,0.0,0.0,0.0,0.0,0.0,0.0,0.0]",2024-03-30 14:22:53
33, ,shakespear,"[0.6097779004568636,0.5046372552604592,0.2635496177265196,0.34941866138572336,0.831714528288858,0.34932463903120636,1.0,0,0.6102212051868802,0.09746588693957114,0.3684210526315789,0.7685551163812033,0.1293103448275862,0.5295566502463055,0.5210727969348659,1,0.21645724428282304,0.39872408293460926,0.0,0.0,0.11392116655274549,0.5330837783229906,0.8119000657462195,0.42010582010582,0.7482785844231626,0.6292597663633263,0.9274889380530974,0.0,0.12291052114060955,0.3308245802663135,0.11492931846914141,0.786627335299901,0.6637168141592915,0.0,0.0,0.8296460176991145,0.0,0.0,0.0,0.0,0.0,0.0,0.31605562579013885,0.0,0.5056890012642221,0.0,0.8045052292839897,0.0,0.4316857327865311,0.1669727834362998,0.0,0.0,0.0,0.0,0.0,0.0,0.0,0.0]",2024-03-30 14:23:28
34, ,wbyeats,"[0.6465707955836454,0.5611423081389669,0.32549806612637494,0.5088078598331537,0.7684959926655608,0.5650629641588635,0.5682514905929565,0.39028323968811696,0.5617067242776127,0.06901311249137336,0.4906832298136646,0.6886059732564658,0.07668711656441718,0.245398773006135,0.46080436264485347,1,0.22514713365184147,0.2281021897810219,0.0,0.0,0.08689607229753216,0.6319321508458124,0.7292433537832312,0.3210633946830265,0.6487260562358499,0.45122587981989976,0.8018660531697342,0.0,0.25562372188139043,0.11467232383464243,0.2390247789020794,0.0,0.3067484662576685,0.42802111570837464,0.0,0.3834355828220856,0.0,0.0,0.0,0.0,0.0,0.0,1.0,0.0,0.17528483786152485,0.0,0.0,0.2887044388307468,0.44890019452341734,0.0,0.0,0.0,0.0,0.1460706982179374,0.0,0.0,0.0,0.0]",2024-03-30 14:25:16
35, ,Dad,"[0.7395530106614602,0.6086842544291932,0.6725145627191231,0.42956558522220206,0.9028744157890831,0.476362138222268,0.4988338351249695,0.6314892246257152,0.8276440292250569,0.6152433425160698,0.3305785123966942,0.8203891528950044,0.571705426356589,0.7281284606866003,0.7941429801894918,0.4216,0.16096168307134487,0.07090187180941578,0.2606122855697445,0.0,0.10128838829916538,0.47849606430964364,0.5090982338344768,0.7305828137706695,0.40643484754959114,0.6420130469224958,0.7439978534526668,0.24385235381693107,0.27286618642217836,0.22033307015772158,0.4337509249100603,0.3492687186203883,0.14734774066797632,0.22844610956275396,0.07413722800904468,0.0,0.04092992796332675,0.0,0.0,0.09823182711198422,0.09823182711198422,0.0,0.5379361960894374,0.0,0.0,0.0,0.35720664404357894,0.2542470819369003,0.33542575111409245,0.1482744560180894,0.0,0.0,0.0,0.0,0.0,0.0,0.0,0.05778342771123241]",2024-03-31 03:53:00
36, ,Dad,"[0.8589289309231565,0.6577326582973377,0.632597149824323,0.5155277184799779,0.8921749198513423,0.38398525496620933,0.4062570333480835,0.7519687705854954,0.788244766505636,0.5925925925925926,0.38055555555555554,0.8242552781259038,0.4619388418998048,0.7305511664652848,0.729559748427673,0.48333333333333334,0.15412043078827725,0.042695423050648974,0.2004541869868307,0.0,0.10804556037307086,0.5248922272757676,0.4642267676038782,0.6720914857500221,0.41831205657241505,0.6439180971018528,0.7481277416159615,0.42656417636489763,0.4272105875509014,0.41591231589763633,0.13598966478547625,0.30541012216404867,0.11452879581151823,0.10653841470838905,0.0740887088807665,0.2863219895287956,0.06817190226876085,0.0,0.0,0.0,0.03272251308900522,0.016361256544502607,0.5142109199700818,0.0,0.01869857890800298,0.0,0.31235126130414065,0.3079765937788726,0.22347082109564534,0.09878494517435539,0.032186078448201864,0.0,0.0,0.0,0.0,0.020451570680628275,0.0,0.0]",2024-03-31 12:22:05
37, ,TMOS,"[0.9456174504542421,0.5918771140224307,0.6764196082158399,0.4504315361172454,0.8701077493897891,0.25524589308736984,0.30247825384140015,0.7139452420820205,0.6246498251540769,0.20070251169089484,0.4220148543134641,0.7468944461513034,0.09622408912428088,0.481430267294572,0.5405290232246674,0.16116143170197222,0.37351547789955863,0.4632745869006673,0.3188054623333676,0.29919307627329095,0.06654854056412055,0.9819133464140004,0.02710525281710973,0.23698235277127905,0.05997704474084091,0.47044968393340086,0.38528343102331997,0.024189632202689767,0.17830640382205007,0.1014552655062242,0.31200215275355675,0.08286003471730562,0.17227545192806898,0.231603188001418,0.1371435492216212,0.05604852031906354,0.07178143830336206,0.243368575069618,0.10619719639401515,0.1486760749516212,0.09439750790579124,0.025959314674092585,0.3253342683181733,0.02929577831559038,0.11327700948694946,0.03501843035214836,0.08474321732451712,0.3098459377143029,0.12317723592584952,0.0970691354880306,0.023986252008848605,0.02472315683246913,0.019485724108993616,0.046074974096874284,0.02929577831559038,0.005899844244111955,0.015732917984298544,0.016658383747590863]",2024-03-31 12:43:08
38, ,James Alle,"[0.8030670526866875,0.6381046173287301,0.6769994004816733,0.3834273596021122,0.8206532375470702,0.33341271731364613,0.5564279556274414,0.7715246979660499,0.650660137687741,0.2704611968917146,0.44868301544050865,0.6492930904578292,0.2727682596934175,0.3877366997294861,0.6019436930167318,0.5008888888888889,0.2759062890118378,0.2952755905511811,0.008512449457331346,0.12510118478180882,0.04499437570303712,0.7423019223324103,0.37741147741147746,0.4539863945578233,0.3282438749707827,0.45359442689337515,0.5972390297800695,0.11943221922978162,0.17596782302664643,0.49900621643337384,0.15278838808250564,0.10055304172951225,0.11312217194570129,0.021045985478270007,0.06830017928797058,0.11312217194570129,0.0,0.028280542986425322,0.0,0.13574660633484156,0.0,0.022624434389140257,0.6140917905623783,0.09361834919644244,0.15513897866839033,0.2043497299664281,0.10283833813245571,0.3087569869576788,0.28694404591104716,0.1366003585759412,0.029671389362806912,0.0,0.0,0.23701788407670743,0.031206116398814147,0.11312217194570136,0.07541478129713422,0.0]",2024-04-02 11:34:55
39, ,James Alle,"[0.7422687295854419,0.6340548766452714,0.6616380560015737,0.40078455550001885,0.838308043641438,0.4150755437489623,0.5512802004814148,0.7647216408710996,0.6480592511315321,0.31195233087977564,0.4353312302839117,0.7386500120105693,0.2641955835962145,0.37854889589905366,0.6049772169645986,0.35444444444444445,0.2641910025465268,0.13904338153503892,0.0,0.0,0.04965835054822819,0.8076453315638549,0.27015613432936275,0.4323389576302962,0.2319230611568467,0.4096434985810161,0.522169896349707,0.07311926797167151,0.17525411847178396,0.41274801733541644,0.286779466590192,0.07010164738871358,0.15772870662460556,0.07336218912772352,0.059520266650794545,0.3943217665615139,0.03286014721345949,0.04929022082018924,0.0,0.31545741324921117,0.0,0.0,0.6008712633318307,0.16316762754269543,0.045065344749887305,0.10176045588684231,0.07169486664754798,0.44535164223418044,0.30776332999923034,0.1488006666269864,0.025857165020427158,0.0,0.0,0.3379900856241548,0.10877841836179694,0.0,0.0,0.0]",2024-04-02 11:43:39
40, ,George Boo,"[0.7767788369182201,0.6425459497651572,0.6766972086936388,0.35899209556901834,0.7990299885734142,0.3350906978822268,0.3500153720378876,0.8426777183375721,0.6888378638619361,0.43914442551580535,0.45315161839863716,0.6634163716912665,0.4653130287648054,0.439932318104907,0.6715548035344989,0.6566666666666667,0.1964659701293139,0.07237984944991314,0.0,0.0,0.020679956985689467,0.5428254370265848,0.6279946959542239,0.5297582911748174,0.46397158178651776,0.5068920628799093,0.7549530748915299,0.2801402942593651,0.424448217317487,0.6822905923234369,0.6394284832315389,0.1131861912846632,0.0424448217317487,0.03948355509930111,0.0,0.31833616298811523,0.10611205432937175,0.0,0.0,0.08488964346349741,0.0,0.0,0.28296547821165796,0.11708916339792745,0.24254183846713542,0.0,0.11575860472295099,0.45940277639069177,0.1656383287092632,0.320338277220745,0.0,0.0,0.0,0.0,0.058544581698963725,0.10611205432937182,0.0,0.049935084388823936]",2024-04-02 11:52:58
41, ,George Boo,"[0.8229429625713434,0.6901210815616805,0.6684105113932077,0.5378561821114356,0.822602788322414,0.41963015647226176,0.3192553222179413,0.8157220611919997,0.6962205171923841,0.40910191236988624,0.4335511982570806,0.6946478637485878,0.4908798283261802,0.4797670141017781,0.6695278969957081,0.6083870967741936,0.20090929313748548,0.05654061878053193,0.019559997848400238,0.0,0.038770710020936176,0.5471102323077561,0.604257542118323,0.5285293233082706,0.434083607775755,0.5318369954011242,0.676585960960961,0.31975670067930534,0.40540540540540515,0.5961101288204087,0.36504036504036486,0.04804804804804801,0.24324324324324306,0.025141420490257683,0.08159102498725135,0.3378378378378376,0.045045045045045015,0.0,0.0,0.05405405405405402,0.0,0.0,0.27027027027027006,0.41006523765144426,0.21621621621621606,0.0,0.0491400491400491,0.4197138314785371,0.05273566249176002,0.2855685874553798,0.03544528134692069,0.0,0.0,0.12870012870012862,0.03727865796831312,0.2027027027027027,0.0,0.09538950715140745]",2024-04-02 11:54:27
42, ,W. D. Watt,"[0.8032290935470223,0.722309244205699,0.6738543103605665,0.5656302042217703,0.8620542668421187,0.3038774766014343,0.2683282792568207,0.7185932520685369,0.6215483482277336,0.19502181164998716,0.45496535796766746,0.7529089664613279,0.24826789838337182,0.26558891454965355,0.5968693867077239,0.6214285714285714,0.22499436205988094,0.23854961832061067,0.0,0.0,0.02271901126862959,0.7035664571463156,0.4701878766394895,0.4040860215053764,0.38255078686481725,0.38897083898806417,0.601335908258342,0.0917669730663934,0.5773672055427247,0.2590058492154279,0.23994481269308046,0.12830382345393884,0.08660508083140872,0.026854288629894175,0.0,0.1082563510392609,0.02405696689761353,0.0,0.07217090069284061,0.0,0.0,0.0,0.39865830858902424,0.3981842796846378,0.1649620587264928,0.22349698279073218,0.13121981944152836,0.6928406466512698,0.2253140314313072,0.15251209203015376,0.13251050619013363,0.0,0.0,0.1649620587264928,0.2787289957792465,0.10825635103926097,0.0,0.033962776795631984]",2024-04-02 12:00:57
43, ,author9,"[0.7783041017185064,0.6463875569049259,0.6019778603382254,0.6099055425280915,0.8146314403241904,0.5592105263157895,0.28721386194229126,0.7398618593031739,0.7250160820373103,0.4235567159849144,0.402088772845953,0.7162700404993809,0.5136138613861385,0.6117397454031117,0.6897689768976898,0.4444444444444444,0.1448598480969662,0,0.0875369296421928,0.0,0.13013302486986697,0.6048587658953515,0.4457264957264957,0.6107904761904761,0.3662265357727204,0.5579380918134964,0.6178977272727273,0.3278473542718511,0.4513888888888886,0.4439252336448595,0.45454545454545436,0.3888888888888886,0.0,0.17441860465116266,0.14150943396226404,0.1562499999999999,0.26041666666666646,0.0,0.0,0.0,0.0,0.0,0.32738095238095216,0.08620689655172409,0.0,0.0,0.3977272727272725,0.38235294117647034,0.0,0.14150943396226406,0.08196721311475409,0.0,0.0,0.0,0.17241379310344818,0.0,0.0,0.0]",2024-04-08 21:41:55
44, ,author9,"[0.7605026460150015,0.6360881728077533,0.5671332999825194,0.5260379292308439,0.8172516772686471,0.5496770647244744,0.35570818185806274,0.7221901006724466,0.7554733271662041,0.4491725768321513,0.40425531914893614,0.811879072748638,0.46632124352331605,0.6254626202812732,0.7058146229130685,0.47875,0.11731105715369204,0,0.044691239399796655,0.0,0.04429221047658419,0.5432874882131646,0.5002889597449183,0.647224278312361,0.4058545061073309,0.5541367775038987,0.6142452246805001,0.4289194660810486,0.5076878445024656,0.5368341426514722,0.372995151063036,0.2901073397156946,0.06527415143603128,0.060720140870726774,0.0,0.2447780678851173,0.0,0.0,0.0,0.1305483028720626,0.0,0.0,0.3729951510630359,0.0900333123255604,0.07459903021260719,0.0,0.2967006883455967,0.30717247734602954,0.12736419792396347,0.1477905315532784,0.0428027222531353,0.12433171702101199,0.0,0.0,0.0,0.0,0.0,0.0]",2024-04-08 21:42:26
45, ,author9,"[0.7254513112057766,0.6268308232941322,0.5753774739510228,0.5798990784527307,0.8558762669893144,0.5235236632695798,0.2950606644153595,0.6231536995927215,0.7746396343607171,0.4612159329140461,0.33153638814016173,0.8257100764038786,0.582010582010582,0.6764928193499623,0.7630805408583187,0.58,0.15282489171082883,0.025805119735755572,0.1785435311446872,0.0,0.014745782706146042,0.4359690809503197,0.6353714661406968,0.6798841017888636,0.4823731229353719,0.6051386699121328,0.7278538272072754,0.1226391954868776,0.3684055408193337,0.34705867770643767,0.4133797237245511,0.11788977306218676,0.13262599469496011,0.0,0.0,0.16578249336870016,0.2210433244916002,0.0,0.0,0.3978779840848804,0.0,0.0,0.505241884552229,0.2743986097137106,0.0,0.08556515786771621,0.12056908608632737,0.3120611639881415,0.2587824286730929,0.050047545167909484,0.17393573074748878,0.0,0.0,0.0,0.0,0.08289124668435012,0.0,0.0]",2024-04-08 21:42:47
46, ,author9,"[0.6908822448388573,0.5971209039175669,0.5486543759255499,0.4132465854374639,0.8657466332621545,0.3430739425250242,0.22514206171035767,0.5098375979665134,0.8459613841287824,0.6731813246471228,0.32247557003257327,0.8009153318077804,0.6402439024390244,0.7665505226480838,0.8360433604336044,0.5466666666666666,0.19644859144995705,0,0.16735001255125095,0.18600652262872686,0.07897896000505465,0.3063407632070662,0.6416391379581565,0.8095997662868832,0.5167563231795621,0.6659209954489602,0.7496752075063153,0.30285898885478924,0.3834355828220856,0.48735737629723025,0.3186997052027725,0.06816632583503744,0.07668711656441712,0.0,0.0,0.0958588957055214,0.12781186094069522,0.0,0.0,0.0,0.0,0.0,0.40169442009932776,0.3173259995768985,0.0,0.0,0.06971556051310647,0.25261638397690345,0.3740834954361811,0.17363120731566145,0.0,0.0,0.0,0.0,0.0,0.0,0.0,0.0]",2024-04-08 21:43:13
47, ,personN,"[0.9060521472134181,0.7154252582073466,0.6651448222887084,0.9991899108632449,0.8629126728806689,1,0.8173521757125854,0.7175586747037249,0.6371221332438891,0.26358084217293476,0.4553519768563163,0.6755311441248112,0.2710271501803683,0.39084325585179963,0.6143914942092272,0.44170731707317074,0.30111978144238855,0.12135922330097086,0.0,0.2534346654818857,0.1781529484910804,0.7462493326621824,0.3360016677089848,0.41411111111111104,0.2743722677521287,0.4580090558366929,0.620507493989359,0.09807410127031109,0.22855806437895976,0.3058038348873889,0.3702764896794745,0.16158523621210177,0.22962112514351304,0.10235050151745735,0.054155925741394585,0.13753348641408333,0.10763490241102174,0.0896957520091848,0.011959433601224641,0.21048603138155367,0.0861079219288174,0.02870264064293913,0.5079911796329702,0.11217123929424488,0.3116286698376248,0.09876177425527444,0.165257627944195,0.4074649377546653,0.2053522257381011,0.16246777722418376,0.050190409867434574,0.009111949410456868,0.07899809351267656,0.0410037723470559,0.052786465550232885,0.07773631840796019,0.0,0.02813984376675976]",2024-04-08 21:54:55
48, ,personN,"[0.7923357248193662,0.5942813971979545,0.671632249637791,0.32415865056232346,0.8875823677873098,0.2782938783355223,0.7742277979850769,0.6713808831617869,0.6226204105540615,0.20004082465809347,0.4341702388242498,0.6772829390775738,0.20081227436823104,0.35757263194086303,0.5629094798769889,0.3928735632183908,0.2836951561728453,0.1389642082429501,0.017588087002403704,0.22300160155695664,0.218856523086458,0.8348880231644041,0.2554340089357663,0.38292860659773503,0.2306110223902679,0.4363868954136159,0.5614875416967449,0.053793004518612374,0.2747345641441805,0.2588153651003121,0.26084688287974944,0.1623047271251774,0.18259281801582458,0.08492689210038352,0.04593530012976719,0.09510042604990863,0.15850071008318106,0.057060255629945184,0.1141205112598904,0.07608034083992692,0.06086427267194154,0.045648204503956145,0.4999565255195197,0.07345688081096391,0.2434570906877661,0.17670272711208831,0.16599347092347688,0.32222262002792573,0.24494158514317932,0.1492897254217434,0.019955499236702152,0.10144045445323589,0.04187908670087723,0.05072022722661794,0.15740760173777985,0.00951004260499087,0.10144045445323592,0.0089506283338458]",2024-04-08 21:56:35
49, ,personN,"[0.735756234972339,0.6179754052934825,0.663233823716245,0.4098412240449955,0.7910146885570585,0.30838815789473684,0.4932425916194916,0.7648833340302683,0.643982356647763,0.2434782608695652,0.44173913043478263,0.6616721094533735,0.2547495682210708,0.3429558351838145,0.5879869506812512,0.8385714285714286,0.30939485008498924,0.191131498470948,0.0,0.10003143845208494,0.0764525993883792,0.5579570279369814,0.6459732048773146,0.4594455316373124,0.5456543722181615,0.48857604122466475,0.7360763888888888,0.04575140971531185,0.14467592592592582,0.43808411214953236,0.29310966810966793,0.03858024691358022,0.30381944444444425,0.16149870801033578,0.09827044025157225,0.05425347222222218,0.18084490740740727,0.0,0.10850694444444439,0.0,0.173611111111111,0.17361111111111097,0.28935185185185164,0.05986590038314172,0.19841269841269826,0.16801075268817192,0.03945707070707068,0.38807189542483633,0.5504742547425471,0.09827044025157228,0.0,0.24801587301587286,0.0,0.0,0.11973180076628344,0.0,0.14467592592592587,0.0]",2024-04-08 21:59:44
50, ,personN,"[0.7616627904771708,0.6047751684921124,0.6717256348410617,0.38335252559953353,0.8127831636840849,0.33703623813632444,0.4296954572200775,0.7487496658854043,0.6319959938729821,0.21680216802168023,0.4410569105691057,0.6346205779098029,0.21878072763028514,0.39752774266048607,0.5471430132197094,0.363,0.3536940303608352,0.1428948294055575,0.019013033434419294,0.6245870329157367,0.3266167529269886,0.8372991533169771,0.24003944773175545,0.37326190476190474,0.20186034737239553,0.449700889276132,0.5667639630194434,0.052094525516549785,0.19922586520947164,0.3830243603493179,0.2927400468384074,0.1366120218579234,0.33299180327868827,0.07148303469309945,0.03866377977111039,0.0640368852459016,0.10672814207650265,0.0,0.06403688524590162,0.0,0.20491803278688514,0.0,0.3293325526932082,0.035330695308083644,0.02927400468384073,0.1322051824431517,0.13971684053651257,0.2651880424300866,0.3498600559776087,0.057995669656665604,0.0,0.14637002341920366,0.0,0.024395003903200606,0.035330695308083644,0.0,0.2561475409836065,0.0]",2024-04-08 22:00:35
51, ,Dad,"[0.770807561129239,0.6181315746279249,0.6708524642086647,0.4211078283547076,0.9103344307779437,0.4542606516290727,0.4973464906215668,0.6400527317269523,0.8338823012736056,0.6200897867564534,0.33207070707070707,0.8308222126560482,0.563754427390791,0.7404284027660651,0.792863701954611,0.44564102564102565,0.17130323909046863,0.053565306822077476,0.25942981033827794,0.0,0.09182624026641853,0.4701585879234225,0.5129794812917662,0.7391329068941006,0.4253738003423312,0.6460377495973787,0.7440564923427827,0.29711408398946026,0.36506040090269454,0.25681394388057016,0.3723874691616625,0.29204832072215564,0.14934289127837505,0.19449306771137215,0.06762696963549059,0.11200716845878128,0.04978096375945834,0.0,0.0,0.059737156511350024,0.059737156511350024,0.0,0.5831484326107979,0.0,0.0,0.0,0.2986857825567501,0.3513950383020589,0.23312061077600005,0.1352539392709812,0.0,0.0,0.0,0.02844626500540477,0.0,0.0,0.0,0.0351395038291724]",2024-04-08 22:05:35
52, ,Dad,"[0.8094026487172491,0.6417360574743889,0.6356913425226157,0.42240528002218464,0.8701455139493398,0.44799893807659125,0.5291553735733032,0.7787231598969616,0.8223352187244092,0.5752664622572637,0.3469119579500657,0.8145450074538553,0.5440251572327044,0.7277628032345014,0.7720475192173306,0.4437837837837838,0.1608524545744739,0.06885787734116783,0.20843465573542694,0.0,0.05246314464088977,0.4725563931547396,0.5005362966480829,0.7240803101313427,0.4175036181858123,0.6509590431895167,0.7459016660158792,0.20825523761922612,0.28200789622109396,0.42696522605436654,0.23073373327180424,0.11280315848843758,0.09517766497461923,0.11804981702278353,0.047888133320563124,0.07931472081218269,0.15862944162436537,0.0,0.0,0.0,0.0,0.0,0.5438723712835384,0.08751969193068435,0.0,0.0,0.11536686663590208,0.3433860853986262,0.1547604308530394,0.19155253328225255,0.08321544478655236,0.060430263475948716,0.11642527825641502,0.06043026347594871,0.0,0.0,0.0,0.03732457449875291]",2024-04-21 22:25:53
53,df,Dad2,"[0.47619047619047616,0.160251771547909,0.015084898212715034,0,0.33170401355533746,0,0.8279396295547485,0,0.47101449275362317,0.0,0.5,0.5797101449275364,0.0,0.35714285714285715,0.3333333333333333,0.08,0.7257684073012302,0,0.0,0.0,0.0,1,0,0,0,0.4197626752966559,0.05,0.0,0.0,0.0,0.0,0.0,0.0,0.0,0.0,0.0,0.0,0.0,0.0,0.0,0.0,0.0,0.0,0.0,0.0,0.0,0.0,1,0.0,0.0,0.0,0.0,0.0,0.0,0.0,0.0,0.0,0.0]",2024-04-22 22:01:41
